arr,que,fog,dur
21,3,1308,5.000000000000001
24,4,700,18.74700854700855
36,9,598,42.46256281407033
31,13,1218,18.40818713450292
37,20,766,18.55555555555556
30,18,582,42.16780104712043
42,42,1024,41.08459383753501
35,37,520,41.44117647058825
41,47,159,41.77777777777777
17,6,1148,5.000000000000001
13,1,734,18.86080586080587
13,3,227,18.610389610389607
22,9,1052,5.000000000000001
35,7,856,18.35625730994152
41,5,402,40.57142857142857
30,21,906,18.98006734006734
43,18,423,18.943067353067345
29,19,431,40.57142857142857
28,48,949,42.01190476190477
40,25,401,42.49062891113891
23,34,385,41.77777777777777
13,3,1253,5.0
16,3,482,18.80280408542247
16,7,291,18.431941072725387
25,7,1356,5.0
48,6,668,18.869841269841274
49,3,434,42.25287356321839
33,15,1139,18.37914435210834
26,16,511,18.737402031930337
21,12,574,42.25287356321839
27,30,1469,42.11953719976565
34,36,1048,41.186419753086426
42,43,282,40.92753623188406
11,2,1008,5.000000000000001
14,8,1082,18.722013685239496
14,1,117,18.86080586080587
35,1,1247,5.000000000000001
41,9,1116,18.7982122905028
37,3,110,41.87723214285715
49,12,1431,18.934099616858234
38,13,417,18.95780757769264
39,15,527,41.23310397553516
39,21,1239,42.25287356321839
21,21,1125,42.25287356321839
42,23,334,41.77777777777777
22,5,1453,4.999999999999998
18,8,1128,18.825934065934057
10,2,74,18.932240067624686
37,3,1108,5.0
40,9,509,18.741828268210323
37,3,575,42.041666666666686
37,15,980,18.74700854700855
26,22,615,18.717647058823538
32,21,79,42.19376197572922
40,31,1018,41.145366528354074
36,35,586,40.93232899022802
21,28,278,42.25287356321839
13,7,1397,5.0
11,8,559,18.71095571095572
14,4,218,18.570526315789472
45,1,947,5.000000000000001
38,5,753,18.417989417989418
35,3,432,41.03896103896104
42,21,906,18.98006734006734
48,20,977,18.869841269841274
48,22,447,42.01190476190477
22,31,967,42.01190476190477
21,25,673,42.25287356321839
27,25,332,41.33333333333334
8,3,1241,4.999999999999999
11,1,625,18.86080586080587
24,2,213,18.807407407407396
43,1,951,5.000000000000001
31,7,552,18.649711934156382
40,2,121,41.767908244378845
41,10,1042,18.653846153846153
41,8,478,18.87777777777778
33,15,227,40.817508877355905
41,34,1334,40.68955453149
40,40,1029,41.04215023847375
21,23,76,42.25287356321839
9,2,1439,5.0
8,7,845,18.924102564102572
22,8,421,18.485714285714288
40,8,1010,5.0
44,7,1092,18.74404624277457
35,9,574,42.02379679144389
39,24,901,18.9966685216101
28,10,633,18.653846153846153
48,19,389,42.01190476190477
28,26,1122,41.12499999999999
34,30,1047,41.17869010819164
25,39,360,41.33333333333334
16,5,1140,5.000000000000001
22,6,1044,18.641490683229822
19,5,464,18.43676767676768
45,1,1113,5.000000000000001
25,8,1153,18.88494466578133
29,3,151,41.47867875029814
48,11,1203,18.869841269841274
45,23,843,18.807407407407396
23,14,180,41.77777777777777
46,39,1230,41.551282051282065
23,30,788,41.77777777777777
31,24,332,41.551282051282065
23,6,1151,5.0
16,5,1109,18.782233192289613
23,6,341,18.63333333333333
26,8,1077,5.0
31,6,945,18.461926605504583
38,1,599,42.48126566416038
43,13,985,18.732254584681776
48,10,1031,18.869841269841274
48,19,268,42.01190476190477
24,22,1174,42.01190476190477
29,29,835,40.57142857142857
30,38,276,40.463411693791436
12,7,1068,5.0
16,5,855,18.429864253393664
19,2,538,18.73015873015873
29,8,1268,5.0
23,9,456,18.863512544802862
26,1,157,41.97802197802199
22,15,1218,18.869841269841274
29,14,1007,18.568638110928063
21,17,89,42.25287356321839
34,27,1435,41.720404984423666
29,45,631,41.33333333333334
49,30,145,42.25287356321839
20,3,1402,5.000000000000001
16,5,671,18.438191556395715
18,6,322,18.38748553627058
44,9,1487,5.0
41,4,602,18.551861761426984
27,7,153,41.45989471165348
45,16,1017,18.688888888888894
35,17,1140,18.854054054054057
22,12,588,42.27731958762884
41,46,1384,41.551282051282065
48,28,874,42.01190476190477
25,36,247,41.33333333333334
11,5,1167,5.000000000000001
21,3,769,18.610389610389607
14,4,238,18.528601190476188
34,3,1229,5.0
34,5,670,18.439622641509434
34,8,170,41.302955665024655
21,24,1213,18.934099616858234
23,17,1199,18.99750104297037
42,13,562,41.812430939226516
37,43,919,42.265088927137135
21,48,575,42.25287356321839
36,21,280,42.25287356321839
23,5,1104,5.0
10,6,863,18.77926421404682
23,2,597,18.985037783375308
39,2,1251,5.000000000000001
37,3,589,18.610389610389607
25,8,234,41.33333333333334
23,17,1288,18.807407407407396
23,21,874,18.807407407407396
25,18,255,41.33333333333334
25,46,1077,41.551282051282065
44,39,617,41.12499999999999
35,45,578,42.09550264550266
21,3,949,5.0
13,6,1034,18.621219768664563
14,5,407,18.527665317139004
27,7,1473,5.000000000000001
24,3,549,18.74700854700855
48,6,430,42.01190476190477
34,10,1142,18.653846153846153
26,19,638,18.63333333333333
45,8,149,42.041666666666686
38,46,1151,41.551282051282065
47,29,771,41.77777777777777
42,44,528,41.24878048780488
9,3,1465,5.0
21,8,624,18.51259259259259
20,4,195,18.62179322179322
45,7,1400,5.0
34,3,697,18.610389610389607
35,9,546,41.54017341040466
25,12,1220,18.688888888888894
44,23,461,18.851695985566085
30,17,304,40.41666666666666
33,46,1409,41.551282051282065
45,38,1026,41.33333333333334
29,33,339,40.57142857142857
23,3,1191,5.0
13,9,469,18.832927496580037
16,4,166,18.690515329419444
23,3,1153,5.000000000000001
22,4,467,18.869841269841274
32,3,360,41.03896103896104
23,18,1423,18.807407407407396
30,18,779,18.444444444444443
44,23,189,41.77777777777777
34,38,979,41.562412028151
37,34,1009,40.896572249589504
41,35,188,41.14245043213016
22,6,1462,4.999999999999999
8,4,524,18.924102564102572
14,7,430,18.527665317139004
37,8,1369,5.000000000000001
36,3,798,18.610389610389607
31,8,521,41.14026479750782
29,20,1300,18.55555555555556
48,9,567,18.869841269841274
21,19,501,42.25287356321839
40,42,1381,41.13516978516979
48,39,718,42.01190476190477
42,40,128,41.69921910886544
21,7,1005,5.0
9,2,939,18.850427350427363
24,4,294,18.807407407407396
48,4,1019,5.000000000000001
29,6,1080,18.717647058823538
40,4,588,42.27731958762884
33,9,1033,18.761904761904763
37,21,1159,18.899345630215194
22,13,281,42.01190476190477
31,40,1207,40.41666666666666
30,40,729,40.41666666666666
33,46,430,41.551282051282065
13,5,1179,4.999999999999999
21,1,827,18.86080586080587
15,8,169,18.683212851405624
49,4,1489,4.999999999999999
21,7,1161,18.934099616858234
29,6,512,41.00512820512819
29,13,1377,18.625241090146744
38,14,802,18.37777777777778
43,21,514,41.12499999999999
45,21,1199,42.25287356321839
46,30,1195,42.45322327044022
28,33,546,41.54017341040466
17,3,1292,5.0
18,9,668,18.688888888888894
13,2,180,18.73015873015873
42,7,964,4.999999999999999
21,6,452,18.934099616858234
24,5,278,41.551282051282065
41,20,1172,18.55555555555556
22,11,619,18.869841269841274
35,9,453,41.60714285714288
49,39,1432,42.25287356321839
30,26,403,42.47191028858216
28,43,309,40.92753623188406
20,4,1366,4.999999999999999
24,1,879,18.86080586080587
12,1,596,18.98006734006734
25,7,1309,5.0
46,1,935,18.86080586080587
26,7,321,41.12499999999999
23,15,1481,18.93735704723657
23,17,574,18.807407407407396
46,21,216,41.551282051282065
25,27,1065,41.33333333333334
42,41,505,41.56519784172662
32,36,207,40.97997895290715
24,8,1206,5.000000000000001
15,1,461,18.86080586080587
9,3,363,18.850427350427363
23,9,1309,5.000000000000001
26,1,518,18.86080586080587
30,2,82,42.16261762189904
25,12,1412,18.723472222222227
47,10,451,18.875393858477977
49,14,278,42.25287356321839
45,33,1225,41.33333333333334
28,23,702,41.77777777777777
33,33,379,40.07843137254899
10,7,1396,4.999999999999999
10,9,648,18.77926421404682
12,3,272,18.645909645909644
35,2,1481,5.000000000000001
23,1,1012,18.86080586080587
33,7,543,41.490451895043726
28,14,986,18.72932122784263
35,15,657,18.458864333947208
46,19,261,41.551282051282065
25,46,931,42.11953719976565
32,43,735,40.92753623188406
30,32,571,41.97041778975741
14,5,1476,5.0
16,2,554,18.73015873015873
17,4,349,18.504761904761907
27,2,1147,5.000000000000001
33,5,496,18.770909090909086
45,4,567,41.899795640326985
31,13,1059,18.533696145124715
22,10,528,18.869841269841274
23,9,305,41.77777777777777
33,33,1315,40.53112449799195
30,42,629,40.74242424242424
45,26,502,41.33333333333334
22,6,943,5.0
22,3,423,18.943067353067345
14,9,80,18.915565031982943
36,1,1155,5.000000000000001
49,1,965,18.934099616858234
40,1,541,41.97802197802199
33,19,1194,18.485714285714288
29,22,671,18.717647058823538
25,11,410,41.33333333333334
22,31,1258,42.01190476190477
23,35,975,41.77777777777777
28,23,216,41.77777777777777
21,7,1257,5.0
14,6,1152,18.882553191489354
12,7,303,18.645909645909644
28,3,1175,5.0
34,5,423,18.943067353067345
42,4,376,40.74242424242424
26,18,1363,18.63333333333333
27,13,870,18.580676328502417
26,17,356,41.12499999999999
46,35,1434,41.70898876404496
30,23,935,41.77777777777777
36,40,313,40.41666666666666
18,3,1097,5.0
18,4,468,18.835264116575598
8,3,471,18.924102564102572
23,5,970,5.000000000000001
28,3,536,18.683212851405624
25,4,423,41.33333333333334
31,9,1074,18.761904761904763
47,9,1152,18.882553191489354
29,16,485,40.633771929824555
32,22,1079,42.01190476190477
44,36,511,41.515257619738776
48,48,296,42.01190476190477
9,5,1220,5.0
24,6,996,18.807407407407396
13,1,532,18.86080586080587
39,4,1426,5.0
21,5,1113,18.934099616858234
29,8,376,40.57142857142857
22,19,1013,18.869841269841274
45,15,499,18.764151212553497
46,20,267,41.551282051282065
30,33,993,41.408579881656834
43,49,896,42.25287356321839
24,24,576,42.05957446808507
15,7,1225,5.0
16,3,1074,18.704629080118696
11,7,385,18.71095571095572
39,9,1081,5.0
43,8,489,18.786783872480076
34,5,220,40.8733153638814
37,18,1065,18.51954022988506
30,10,846,18.653846153846153
23,10,275,41.77777777777777
26,30,1047,41.12499999999999
37,23,975,41.77777777777777
33,49,489,42.25287356321839
9,8,1449,5.0
24,2,818,18.807407407407396
14,7,592,18.960272108843533
25,6,1061,5.0
36,1,516,18.86080586080587
28,8,83,42.152259584493464
47,15,1317,18.807407407407396
37,20,709,18.55555555555556
37,16,286,40.40012315270934
29,44,1266,41.12499999999999
40,33,934,40.4203183520599
35,33,352,40.08269921033738
16,3,1093,5.0
11,7,548,18.71095571095572
20,4,536,18.700317460317464
37,8,1096,5.000000000000001
35,7,1072,18.700317460317464
47,4,393,41.77777777777777
38,18,1392,18.666341463414632
47,16,454,18.868257372654163
33,22,320,41.44117647058825
23,25,1398,41.77777777777777
21,45,584,42.25287356321839
33,42,317,40.74242424242424
22,9,1198,5.0
16,6,1025,18.603333333333335
23,8,538,18.708954635108483
48,1,1299,5.000000000000001
42,9,454,18.868257372654163
42,1,87,42.11094591682826
37,14,1305,18.45432098765432
39,20,517,18.724202049780377
48,18,455,42.01190476190477
32,32,1202,40.16666666666666
21,43,1117,42.25287356321839
47,49,239,42.25287356321839
13,1,1410,5.000000000000001
14,3,648,18.610389610389607
18,5,392,18.417989417989418
41,7,1204,5.0
29,4,457,18.861144010767156
35,2,109,41.88725206151107
42,23,1494,18.98006734006734
49,11,1178,18.94551842330762
43,17,510,40.97580645161291
43,33,1083,40.92753623188406
33,41,573,41.02729266347688
48,21,435,42.25287356321839
10,4,1280,4.999999999999999
11,6,810,18.71095571095572
11,7,149,18.73267411457096
29,4,1340,5.000000000000001
35,2,652,18.73015873015873
28,9,160,41.39467312348672
35,19,1491,18.970152284263953
33,11,731,18.55555555555556
35,15,200,41.03896103896104
27,25,1276,41.33333333333334
31,35,909,40.29177308447936
31,45,480,41.33333333333334
11,3,1343,5.000000000000001
9,2,499,18.850427350427363
9,5,227,18.850427350427363
41,6,1163,5.0
40,4,1160,18.901754385964903
37,2,528,41.488095238095276
43,9,1044,18.761904761904763
32,12,1193,18.982551492223617
30,17,261,40.56444639205374
28,33,959,41.789309919901434
39,22,435,42.17687908496734
25,27,390,41.33333333333334
17,9,901,4.999999999999986
13,2,1126,18.82128558310376
13,6,289,18.584615384615383
33,8,1463,5.0
38,7,1148,18.873012477718373
42,9,318,41.33333333333334
32,21,1165,18.63333333333333
41,19,994,18.544534231200906
33,22,442,41.44117647058825
49,44,1376,42.25287356321839
32,25,641,41.33333333333334
39,27,490,40.92753623188406
13,1,1145,5.000000000000001
23,8,943,18.63333333333333
11,3,401,18.71095571095572
31,4,1140,5.000000000000002
21,3,1118,18.934099616858234
41,6,59,42.40399007649371
33,16,1457,18.860355076800317
26,19,584,18.63333333333333
39,9,324,41.60714285714288
24,36,1112,41.551282051282065
46,36,952,41.551282051282065
49,39,484,42.25287356321839
24,1,1187,5.000000000000001
15,2,623,18.73015873015873
12,2,420,18.73015873015873
28,6,1066,5.000000000000001
40,6,977,18.51432120161756
40,4,349,40.64285714285714
47,23,1077,18.807407407407396
40,24,891,18.901754385964903
24,18,551,41.62400284900285
25,24,948,41.917391304347824
42,32,629,40.74242424242424
36,34,451,40.2590637450199
11,8,1459,5.000000000000001
8,4,402,18.995004177109436
16,4,78,18.921111111111106
33,1,1496,4.999999999999998
44,2,435,18.91383442265796
46,1,131,41.97802197802199
25,12,1077,18.688888888888894
28,12,722,18.531313131313137
21,13,121,42.25287356321839
29,41,1024,41.08459383753501
46,29,998,41.551282051282065
30,46,281,41.551282051282065
13,5,1482,5.000000000000001
23,4,977,18.63333333333333
11,4,303,18.71095571095572
27,5,1367,5.0
32,6,915,18.41893203883495
23,5,489,41.77777777777777
23,11,1122,18.807407407407396
32,21,1050,18.653846153846153
34,8,591,42.332544757033254
46,43,1006,41.551282051282065
24,36,552,41.551282051282065
48,28,329,42.01190476190477
8,9,1416,4.999999999999999
9,2,1121,18.850427350427363
18,6,550,18.761904761904763
24,3,1435,4.999999999999999
30,4,703,18.504761904761907
33,4,497,40.79200336700335
37,21,1099,18.63333333333333
44,22,577,18.717647058823538
30,12,54,42.45722495894906
46,43,1134,41.551282051282065
21,29,983,42.25287356321839
46,23,494,41.77777777777777
10,7,991,4.999999999999999
19,9,834,18.688888888888894
9,4,598,18.990016750418757
26,3,1209,5.0
44,9,745,18.688888888888894
43,6,489,40.92753623188406
46,22,1186,18.74700854700855
26,13,1089,18.737402031930337
22,12,500,42.01190476190477
25,27,1397,41.33333333333334
34,40,1060,41.280303030303045
28,27,582,42.16780104712043
16,5,1388,5.0
21,7,932,18.442506265664164
22,1,591,18.95534526854219
30,2,1232,5.000000000000001
38,4,948,18.504761904761907
25,7,118,41.79755877034359
41,19,928,18.908189588189593
43,20,622,18.580676328502417
26,16,574,42.02379679144389
41,23,1282,41.77777777777777
25,24,995,41.551282051282065
35,35,329,40.17105531048523
23,5,1408,5.0
17,2,547,18.73015873015873
22,5,594,18.970152284263953
33,6,1020,5.0
45,6,1135,18.842290249433102
34,1,489,41.97802197802199
27,13,1452,18.844637681159423
46,24,1196,18.990016750418757
36,22,57,42.425252525252496
33,32,1152,40.16666666666666
22,32,711,42.01190476190477
42,30,141,41.573563218390845
10,6,1227,4.999999999999999
18,1,1024,18.86080586080587
16,8,400,18.444444444444443
33,2,1083,5.000000000000001
34,4,1154,18.88733863837312
28,7,461,40.74242424242424
40,14,1234,18.444444444444443
22,14,871,18.869841269841274
38,15,301,40.31183582564428
48,41,1329,42.01190476190477
46,45,980,41.551282051282065
28,21,87,42.25287356321839
12,3,1147,5.0
23,3,724,18.63333333333333
14,1,383,18.86080586080587
37,7,1262,5.0
25,8,704,18.688888888888894
22,3,238,42.01190476190477
36,10,1023,18.653846153846153
28,22,759,18.717647058823538
34,22,107,41.907331704065776
46,37,1412,41.551282051282065
23,46,1108,41.77777777777777
33,21,86,42.25287356321839
21,5,947,4.999999999999998
17,7,793,18.39102564102564
17,8,563,18.82128558310376
33,7,1195,5.000000000000001
49,2,884,18.934099616858234
41,3,223,41.03896103896104
40,24,1144,18.901754385964903
35,14,702,18.397617135207497
45,16,324,41.33333333333334
48,34,1099,42.01190476190477
48,25,1018,42.01190476190477
26,48,223,42.01190476190477
23,5,1132,5.0
13,8,769,18.584615384615383
18,9,253,18.688888888888894
40,5,1362,5.0
35,6,1175,18.938172043010752
27,7,566,41.88224043715849
31,16,971,18.773921445074564
49,22,1162,18.934099616858234
30,20,474,40.83333333333332
37,21,1347,42.25287356321839
38,34,507,41.54850288600287
23,43,175,41.77777777777777
21,1,1026,5.000000000000001
21,2,540,18.73015873015873
21,8,124,18.796902479841783
22,9,958,5.000000000000001
30,4,1073,18.702471520554734
33,1,237,41.97802197802199
37,19,1071,18.50573426573426
45,15,1195,18.98752620545073
30,20,498,40.83333333333332
37,40,911,42.36335597057162
39,38,1162,42.14967191601047
37,23,124,41.77777777777777
14,9,1057,5.0
15,9,713,18.688888888888894
23,4,416,18.63333333333333
33,6,1489,4.999999999999999
25,3,557,18.688888888888894
47,1,301,41.97802197802199
48,22,1295,18.869841269841274
31,22,539,18.717647058823538
44,23,520,41.77777777777777
43,22,1410,42.01190476190477
45,27,654,41.33333333333334
44,28,69,42.29832179567863
17,1,1084,5.000000000000001
18,3,1077,18.711122599704574
19,7,177,18.66395080196127
21,9,1422,5.000000000000001
36,6,1163,18.908995194408035
32,2,503,41.488095238095276
26,18,1208,18.63333333333333
43,22,701,18.717647058823538
44,11,239,41.12499999999999
41,33,1280,40.57142857142857
34,34,539,41.28821860816944
40,36,493,40.73796928327644
20,9,1222,5.0
20,5,707,18.417989417989418
14,5,171,18.67836828686569
42,3,1271,5.0
41,9,493,18.77769448373409
35,9,363,41.33333333333334
35,14,1479,18.9308462867012
28,23,712,18.807407407407396
44,12,113,41.84725274725277
44,21,1331,42.25287356321839
30,39,888,40.41666666666666
49,31,358,42.25287356321839
15,1,1390,5.000000000000001
11,8,788,18.71095571095572
15,1,297,18.86080586080587
31,7,1179,5.0
29,2,412,18.970152284263953
44,9,456,41.33333333333334
48,13,1265,18.869841269841274
35,13,956,18.479232613908863
49,19,454,42.25287356321839
36,26,1001,41.32267869071475
27,42,538,41.29614803625379
35,35,550,41.60714285714288
11,9,972,4.999999999999999
12,5,774,18.645909645909644
22,7,144,18.74531510293886
30,8,1387,5.0
30,1,555,18.86080586080587
46,8,55,42.44655704008222
46,10,1307,18.74700854700855
27,11,926,18.580676328502417
23,11,164,41.77777777777777
43,22,1222,42.01190476190477
45,44,509,41.531856005788725
26,42,527,41.23310397553516
24,6,1082,5.000000000000001
13,6,1029,18.611240063593
13,9,116,18.81797205948625
25,3,1079,5.0
33,7,1067,18.689600199900056
41,6,208,40.97163943068002
46,15,1310,18.74700854700855
25,24,1189,18.97262779890156
48,20,62,42.37217607973423
34,25,1082,41.33333333333334
23,21,930,42.25287356321839
33,45,391,41.33333333333334
24,5,1000,5.000000000000001
24,7,966,18.807407407407396
20,2,128,18.786458429030784
42,2,1421,5.0
42,7,416,18.960272108843533
42,7,587,42.2589793281654
44,22,1056,18.717647058823538
27,24,569,18.901754385964903
23,21,316,41.77777777777777
44,22,1372,42.01190476190477
28,28,735,40.74242424242424
44,23,287,41.77777777777777
23,9,1074,5.0
20,2,764,18.73015873015873
22,2,467,18.73015873015873
25,1,1312,5.000000000000001
34,7,941,18.45582871226124
34,2,207,41.488095238095276
24,24,1079,18.901754385964903
29,8,861,18.87777777777778
26,23,557,41.77777777777777
48,39,1093,42.01190476190477
46,40,1079,41.551282051282065
22,43,546,42.01190476190477
16,6,1371,4.999999999999999
24,7,932,18.807407407407396
17,9,518,18.688888888888894
24,8,1061,5.0
25,9,568,18.688888888888894
36,2,296,41.488095238095276
44,23,935,18.885742379547693
26,8,497,18.87777777777778
37,11,530,41.280303030303045
32,37,1211,40.16666666666666
27,42,549,41.209696620583735
24,27,378,41.551282051282065
13,8,1471,4.999999999999999
23,6,518,18.722013685239496
17,5,88,18.893505970363982
23,2,1265,5.000000000000001
21,8,994,18.934099616858234
21,6,236,42.25287356321839
31,8,989,18.87777777777778
31,10,432,18.921111111111106
37,12,462,40.511363636363626
49,46,1455,42.25287356321839
23,47,1107,41.77777777777777
31,39,542,41.47397660818714
22,3,1402,5.000000000000001
8,3,1093,18.924102564102572
19,5,178,18.6615651015651
33,4,1039,5.0
37,1,1011,18.86080586080587
44,1,61,42.38277006012854
36,16,1107,18.431145038167937
22,15,600,18.869841269841274
33,24,53,42.46790325886454
42,26,1103,41.12499999999999
46,38,699,41.551282051282065
30,33,558,41.743296089385495
19,9,1231,5.0
18,6,543,18.668437341451042
12,1,73,18.935029893789128
27,2,1270,5.000000000000001
43,6,543,18.668437341451042
43,1,406,41.97802197802199
30,15,1269,18.444444444444443
37,24,724,18.901754385964903
46,22,151,41.551282051282065
36,31,963,41.743296089385495
22,45,863,42.01190476190477
33,31,505,40.90368852459017
13,2,953,5.000000000000001
23,7,873,18.63333333333333
15,7,509,18.589665587918013
21,5,1094,5.000000000000001
49,4,841,18.934099616858234
41,2,203,41.488095238095276
30,18,1294,18.444444444444443
21,15,687,18.934099616858234
43,17,363,40.92753623188406
39,31,930,42.1315789473684
46,45,990,41.551282051282065
28,27,440,40.92753623188406
23,5,1334,5.0
22,9,1194,18.985037783375308
24,2,275,18.807407407407396
43,2,944,4.999999999999998
36,8,561,18.63130412102244
49,5,143,42.25287356321839
47,17,920,18.934099616858234
28,21,1199,18.99750104297037
27,11,59,42.40399007649371
38,35,1173,40.16666666666666
25,40,1029,41.33333333333334
29,43,168,41.321158566519394
18,3,1193,5.0
11,4,469,18.832927496580037
19,4,278,18.504761904761907
23,6,1132,5.000000000000001
42,3,931,18.610389610389607
35,2,299,41.488095238095276
48,15,1404,18.869841269841274
40,10,635,18.653846153846153
45,22,144,41.544931636020735
45,36,1096,41.33333333333334
49,24,965,42.25287356321839
31,45,147,41.516441601516206
21,7,925,4.999999999999999
14,4,805,18.527665317139004
12,3,269,18.645909645909644
45,6,1353,5.0
43,5,1009,18.580676328502417
21,8,352,42.25287356321839
33,22,1023,18.717647058823538
47,22,539,18.807407407407396
35,8,305,42.041666666666686
46,36,1295,41.551282051282065
48,35,602,42.01190476190477
26,40,526,41.21748466257669
10,5,1484,5.0
18,8,1061,18.67685829551185
18,9,469,18.688888888888894
24,1,1328,5.000000000000001
45,9,532,18.691736526946105
22,3,284,42.01190476190477
33,15,1016,18.644224058769513
22,10,867,18.869841269841274
41,14,340,40.57142857142857
39,25,1346,41.33333333333334
26,45,672,41.33333333333334
40,44,356,41.12499999999999
12,2,1251,5.000000000000001
13,6,899,18.584615384615383
10,6,511,18.77926421404682
30,2,1311,5.000000000000001
48,9,470,18.869841269841274
33,7,577,42.077519893899165
49,15,1154,18.934099616858234
29,24,757,18.901754385964903
24,11,291,41.551282051282065
30,44,1423,41.58473550031868
44,41,938,41.12499999999999
30,43,315,40.92753623188406
20,9,914,4.999999999999998
10,8,736,18.77926421404682
8,7,414,18.924102564102572
47,7,939,5.0
24,6,576,18.74700854700855
27,2,455,41.488095238095276
37,16,1489,18.963561592152427
47,9,725,18.807407407407396
22,23,357,42.01190476190477
38,27,1169,40.92753623188406
27,42,707,40.92753623188406
28,21,95,42.25287356321839
11,9,942,4.999999999999999
13,1,815,18.86080586080587
22,6,250,18.504761904761907
25,5,1376,5.0
38,4,899,18.504761904761907
32,7,541,41.4575513196481
21,21,1122,18.934099616858234
21,14,653,18.934099616858234
35,19,142,41.564003759398545
32,35,950,41.8939393939394
30,37,662,40.44247211895909
43,30,165,41.34859584859586
9,9,1133,5.0
13,2,559,18.73015873015873
24,9,506,18.807407407407396
30,8,1467,5.000000000000001
39,9,1093,18.746267436267434
28,5,564,41.84725274725277
38,14,1384,18.644224058769513
30,16,1127,18.823608436497015
36,17,369,40.16666666666666
47,21,1221,42.25287356321839
36,34,1032,41.064556962025314
28,42,72,42.266835229667066
12,5,914,4.999999999999998
23,9,1068,18.691736526946105
19,3,268,18.610389610389607
40,3,1441,4.999999999999999
36,9,643,18.688888888888894
47,2,430,41.77777777777777
25,16,1102,18.688888888888894
47,12,952,18.807407407407396
31,13,280,40.43768996960485
41,32,1331,40.663611755607114
38,41,846,40.57142857142857
38,27,219,40.92753623188406
20,1,1193,5.000000000000001
23,3,1076,18.708954635108483
21,3,190,18.63333333333333
29,6,1032,5.0
45,3,1078,18.713294001966567
41,2,262,41.488095238095276
40,16,1237,18.444444444444443
39,11,1199,18.99750104297037
40,17,307,40.41666666666666
45,43,1494,42.425252525252496
39,29,565,41.08710629921261
32,33,257,40.59255288322225
23,1,1242,5.000000000000001
18,8,677,18.444444444444443
20,5,509,18.589665587918013
36,3,957,5.000000000000001
35,3,806,18.610389610389607
47,7,193,41.77777777777777
33,18,1087,18.470745224643537
36,20,630,18.55555555555556
36,16,100,41.97802197802199
28,30,1436,41.731840796019945
41,21,688,42.25287356321839
29,37,344,40.57142857142857
16,2,1151,5.000000000000001
11,6,953,18.71095571095572
23,8,570,18.854054054054057
48,8,1383,5.000000000000001
22,2,880,18.869841269841274
40,1,472,41.97802197802199
38,18,1034,18.596146876490227
34,17,989,18.535489530277307
27,14,65,42.34045881126172
29,44,1339,41.12499999999999
25,47,822,41.77777777777777
21,30,590,42.31410256410254
20,4,1407,5.000000000000001
10,5,1077,18.77926421404682
8,5,233,18.924102564102572
28,5,1016,5.0
23,5,764,18.807407407407396
31,6,64,42.351020408163244
39,13,1293,18.431145038167937
22,22,688,18.869841269841274
24,16,288,41.551282051282065
42,36,1279,40.74242424242424
34,30,939,40.44807513914655
32,48,163,42.01190476190477
24,6,1128,5.000000000000001
20,1,494,18.86080586080587
24,6,196,18.807407407407396
34,3,1158,5.0
28,4,874,18.531313131313137
41,6,168,41.321158566519394
39,8,1037,18.87777777777778
26,24,898,18.901754385964903
43,19,499,40.92753623188406
25,27,1142,41.33333333333334
38,39,586,40.93232899022802
46,32,568,41.917391304347824
15,3,942,4.999999999999999
23,9,601,18.688888888888894
9,1,583,18.916257615317672
38,4,1212,5.000000000000002
26,7,800,18.63333333333333
32,6,540,41.44117647058825
33,19,1201,18.485714285714288
22,16,984,18.869841269841274
23,13,496,41.77777777777777
49,31,1474,42.25287356321839
31,21,919,42.25287356321839
27,30,70,42.28781512605042
21,2,1424,4.999999999999999
13,9,631,18.688888888888894
14,7,408,18.527665317139004
39,6,1384,5.0
31,7,828,18.40818713450292
48,4,302,42.01190476190477
33,11,1104,18.55555555555556
39,13,475,18.81896551724138
30,18,410,40.41666666666666
26,45,1493,42.412844294547526
40,29,1146,42.00596514745312
33,21,561,42.25287356321839
15,3,1258,5.0
24,8,1131,18.832927496580037
14,1,278,18.86080586080587
38,6,955,4.999999999999999
32,9,857,18.688888888888894
36,1,420,41.97802197802199
44,12,942,18.863512544802862
32,16,463,18.84698778833107
28,10,588,42.27731958762884
31,46,1488,42.351020408163244
24,27,1055,41.551282051282065
32,37,202,41.02200208550574
12,8,1160,5.0
24,8,407,18.982551492223617
14,4,345,18.527665317139004
42,2,1195,5.000000000000001
31,3,614,18.610389610389607
35,9,359,41.33333333333334
36,8,1125,18.87777777777778
24,11,732,18.74700854700855
45,15,572,41.98817204301074
23,32,1056,41.77777777777777
42,33,719,40.74242424242424
29,43,93,42.04933681235053
24,7,1000,5.000000000000001
19,5,527,18.702471520554734
18,2,592,18.960272108843533
25,8,946,5.0
34,2,878,18.73015873015873
24,2,224,41.551282051282065
25,10,1498,18.993340765514684
45,23,881,18.807407407407396
33,22,108,41.897285269247924
22,22,975,42.01190476190477
36,42,1181,42.323319462227886
46,43,293,41.551282051282065
23,3,1355,5.0
18,7,612,18.533696145124715
14,8,389,18.527665317139004
38,5,1496,4.999999999999998
49,4,895,18.934099616858234
38,8,239,40.724657534246575
49,15,1395,18.934099616858234
23,13,564,18.807407407407396
29,9,404,41.60714285714288
31,35,972,41.640909090909076
25,25,778,41.33333333333334
32,34,161,41.38542323550816
24,6,954,5.000000000000001
15,6,817,18.47578347578348
17,7,373,18.39102564102564
29,5,1042,5.0
32,6,903,18.40363817097416
45,5,116,41.81739522307347
24,18,1183,18.74700854700855
29,17,676,18.485714285714288
29,17,446,40.57142857142857
46,37,1079,41.551282051282065
47,39,469,41.87347811217512
25,36,395,41.33333333333334
16,5,1427,5.0
16,4,1128,18.825934065934057
11,9,448,18.71095571095572
49,9,1407,5.000000000000001
22,8,572,18.869841269841274
45,7,331,41.33333333333334
25,17,938,18.876188216686444
44,22,1171,18.928408992650237
44,16,516,41.12499999999999
37,32,1450,41.8939393939394
32,26,645,41.12499999999999
36,21,311,42.25287356321839
22,3,1333,5.0
14,2,405,18.98752620545073
24,6,547,18.807407407407396
26,6,1101,5.0
36,1,469,18.86080586080587
42,3,568,41.917391304347824
25,9,959,18.810482645307037
47,23,1167,18.91868318122555
21,11,226,42.25287356321839
41,26,1289,41.12499999999999
34,32,805,40.16666666666666
40,42,372,40.74242424242424
13,9,1397,5.0
11,6,793,18.71095571095572
9,4,204,18.850427350427363
45,9,1494,4.999999999999999
25,2,914,18.73015873015873
23,6,126,41.77777777777777
39,20,1122,18.55555555555556
27,14,670,18.580676328502417
40,20,275,40.83333333333332
41,22,1082,42.01190476190477
40,30,630,40.633771929824555
39,23,416,41.77777777777777
14,1,1055,5.000000000000001
17,2,533,18.73015873015873
19,5,84,18.904510224510222
49,9,1137,5.000000000000001
31,9,1016,18.688888888888894
22,4,550,42.01190476190477
43,18,1004,18.677562724014336
29,13,998,18.551861761426984
28,17,176,41.24878048780488
35,33,1078,40.58783570300156
25,46,849,41.551282051282065
49,22,540,42.25287356321839
14,5,1278,5.000000000000001
21,9,1077,18.711122599704574
11,2,71,18.940618556701025
28,7,1324,5.000000000000001
41,5,527,18.702471520554734
33,9,445,41.33333333333334
38,18,1331,18.510296468161897
23,8,663,18.87777777777778
25,10,479,41.33333333333334
28,36,1045,40.880036630036635
39,39,1044,41.1555900621118
37,46,458,41.551282051282065
12,8,1177,5.0
12,4,612,18.645909645909644
16,4,476,18.504761904761907
47,3,1483,5.0
29,2,1172,18.9308462867012
49,9,438,42.25287356321839
29,11,1288,18.55555555555556
27,14,555,18.643540051679587
26,14,105,41.927464008859374
36,46,1440,41.77777777777777
24,36,604,41.551282051282065
49,44,312,42.25287356321839
10,6,1258,4.999999999999999
18,5,1121,18.809713361072593
23,7,363,18.63333333333333
28,5,1297,5.000000000000001
25,8,775,18.688888888888894
40,4,488,40.672222222222196
25,12,1340,18.688888888888894
36,23,705,18.807407407407396
41,11,490,40.83333333333332
32,36,1044,40.88947368421049
44,48,651,42.01190476190477
43,49,552,42.25287356321839
10,5,1036,4.999999999999999
9,5,473,18.850427350427363
19,9,219,18.688888888888894
42,2,1350,5.000000000000001
24,8,634,18.74700854700855
29,5,360,40.57142857142857
33,19,1306,18.485714285714288
24,22,994,18.74700854700855
23,24,81,42.17298740123853
34,32,1200,40.16666666666666
44,41,766,41.12499999999999
29,33,443,40.57142857142857
18,6,1364,5.0
22,7,1110,18.784507042253523
8,9,458,18.924102564102572
23,4,1396,5.000000000000001
36,2,1084,18.73015873015873
49,5,581,42.25287356321839
29,12,922,18.927597078046908
24,21,1153,18.88494466578133
30,14,440,40.41666666666666
36,28,991,41.430288146692845
23,44,742,41.77777777777777
26,32,446,41.12499999999999
8,9,1227,4.999999999999999
19,7,624,18.51259259259259
23,3,464,18.63333333333333
47,8,1447,5.000000000000001
42,7,464,18.844637681159423
39,5,73,42.25636210170926
23,14,1419,18.807407407407396
35,19,496,18.770909090909086
23,9,511,41.77777777777777
21,35,1237,42.25287356321839
34,23,940,41.77777777777777
36,39,422,40.28070175438595
24,9,1249,5.000000000000001
9,4,1105,18.850427350427363
9,6,203,18.850427350427363
36,5,965,4.999999999999999
39,4,874,18.504761904761907
42,9,563,41.829820936639145
27,15,1441,18.810482645307037
24,20,1126,18.82128558310376
32,10,414,41.20192307692307
43,44,1426,41.61837769328263
31,32,1070,41.36007462686566
22,23,398,42.01190476190477
17,7,1287,5.000000000000002
11,5,1048,18.71095571095572
8,1,348,18.924102564102572
27,5,1494,4.999999999999999
23,2,547,18.807407407407396
25,6,485,41.33333333333334
36,19,1382,18.638764407561084
31,18,482,18.80280408542247
44,17,533,41.32800300300301
26,37,1240,41.12499999999999
46,23,1028,41.77777777777777
33,35,333,40.15378554299415
23,8,1129,5.0
15,6,896,18.47578347578348
11,8,397,18.71095571095572
24,9,1085,5.0
23,5,834,18.807407407407396
26,3,440,41.12499999999999
38,19,1027,18.614554850833915
33,20,462,18.849340560072275
33,11,436,40.83333333333332
43,38,936,42.05957446808507
42,22,1166,42.18596605744126
28,37,220,40.8733153638814
20,1,1385,5.000000000000001
12,4,923,18.645909645909644
20,7,62,18.965913621262462
39,4,1488,5.0
24,7,467,18.83760345611642
31,7,365,40.28070175438595
26,8,1281,18.87777777777778
29,18,799,18.485714285714288
36,22,115,41.827334083239585
23,44,985,41.77777777777777
38,23,1159,42.12254611330696
30,49,117,42.25287356321839
8,1,1369,4.999999999999999
18,5,673,18.435351043643262
19,5,241,18.522544672092813
32,1,1270,5.000000000000001
31,5,829,18.417989417989418
29,3,230,41.03896103896104
25,10,1136,18.688888888888894
48,23,473,18.869841269841274
42,20,436,40.83333333333332
26,37,1042,41.12499999999999
43,21,1059,42.25287356321839
47,21,436,42.25287356321839
11,6,1246,5.000000000000001
10,3,1010,18.77926421404682
10,5,507,18.77926421404682
